会话,批次,序号,触发键,目标键,设备,延迟ms,时间戳,F8次数,F8平均ms,F8最小ms,F8最大ms,F8标准差,F9次数,F9平均ms,F9最小ms,F9最大ms,F9标准差,全部平均ms,全部最小ms,全部最大ms,全部标准差
2026-06-18 04:50:09,1,1,F8,D,VID_1CA6_PID_300A,0.917,2026-06-18 04:50:11.656,10,1.147,0.783,1.939,0.346,0,,,,,1.147,0.783,1.939,0.346
2026-06-18 04:50:09,1,2,F8,D,VID_1CA6_PID_300A,0.783,2026-06-18 04:50:11.847,10,1.147,0.783,1.939,0.346,0,,,,,1.147,0.783,1.939,0.346
2026-06-18 04:50:09,1,3,F8,D,VID_1CA6_PID_300A,1.620,2026-06-18 04:50:12.009,10,1.147,0.783,1.939,0.346,0,,,,,1.147,0.783,1.939,0.346
2026-06-18 04:50:09,1,4,F8,D,VID_1CA6_PID_300A,1.016,2026-06-18 04:50:12.168,10,1.147,0.783,1.939,0.346,0,,,,,1.147,0.783,1.939,0.346
2026-06-18 04:50:09,1,5,F8,D,VID_1CA6_PID_300A,1.168,2026-06-18 04:50:12.322,10,1.147,0.783,1.939,0.346,0,,,,,1.147,0.783,1.939,0.346
2026-06-18 04:50:09,1,6,F8,D,VID_1CA6_PID_300A,1.939,2026-06-18 04:50:12.491,10,1.147,0.783,1.939,0.346,0,,,,,1.147,0.783,1.939,0.346
2026-06-18 04:50:09,1,7,F8,D,VID_1CA6_PID_300A,0.920,2026-06-18 04:50:12.637,10,1.147,0.783,1.939,0.346,0,,,,,1.147,0.783,1.939,0.346
2026-06-18 04:50:09,1,8,F8,D,VID_1CA6_PID_300A,1.218,2026-06-18 04:50:12.806,10,1.147,0.783,1.939,0.346,0,,,,,1.147,0.783,1.939,0.346
2026-06-18 04:50:09,1,9,F8,D,VID_1CA6_PID_300A,0.991,2026-06-18 04:50:12.982,10,1.147,0.783,1.939,0.346,0,,,,,1.147,0.783,1.939,0.346
2026-06-18 04:50:09,1,10,F8,D,VID_1CA6_PID_300A,0.899,2026-06-18 04:50:13.153,10,1.147,0.783,1.939,0.346,0,,,,,1.147,0.783,1.939,0.346
2026-06-18 04:50:09,1,统计,-,-,-,-,2026-06-18 04:50:13.155,10,1.147,0.783,1.939,0.346,0,,,,,1.147,0.783,1.939,0.346
2026-06-18 04:50:09,2,1,F8,D,VID_1CA6_PID_300A,2.153,2026-06-18 04:50:13.350,5,1.208,0.476,2.153,0.555,5,0.821,0.653,1.025,0.146,1.014,0.476,2.153,0.450
2026-06-18 04:50:09,2,2,F8,D,VID_1CA6_PID_300A,1.239,2026-06-18 04:50:13.630,5,1.208,0.476,2.153,0.555,5,0.821,0.653,1.025,0.146,1.014,0.476,2.153,0.450
2026-06-18 04:50:09,2,3,F8,D,VID_1CA6_PID_300A,0.885,2026-06-18 04:50:13.801,5,1.208,0.476,2.153,0.555,5,0.821,0.653,1.025,0.146,1.014,0.476,2.153,0.450
2026-06-18 04:50:09,2,4,F8,D,VID_1CA6_PID_300A,0.476,2026-06-18 04:50:13.990,5,1.208,0.476,2.153,0.555,5,0.821,0.653,1.025,0.146,1.014,0.476,2.153,0.450
2026-06-18 04:50:09,2,5,F8,D,VID_1CA6_PID_300A,1.287,2026-06-18 04:50:14.141,5,1.208,0.476,2.153,0.555,5,0.821,0.653,1.025,0.146,1.014,0.476,2.153,0.450
2026-06-18 04:50:09,2,6,F9,A,VID_1CA6_PID_300A,1.025,2026-06-18 04:50:28.181,5,1.208,0.476,2.153,0.555,5,0.821,0.653,1.025,0.146,1.014,0.476,2.153,0.450
2026-06-18 04:50:09,2,7,F9,A,VID_1CA6_PID_300A,0.765,2026-06-18 04:50:28.345,5,1.208,0.476,2.153,0.555,5,0.821,0.653,1.025,0.146,1.014,0.476,2.153,0.450
2026-06-18 04:50:09,2,8,F9,A,VID_1CA6_PID_300A,0.701,2026-06-18 04:50:28.525,5,1.208,0.476,2.153,0.555,5,0.821,0.653,1.025,0.146,1.014,0.476,2.153,0.450
2026-06-18 04:50:09,2,9,F9,A,VID_1CA6_PID_300A,0.959,2026-06-18 04:50:28.691,5,1.208,0.476,2.153,0.555,5,0.821,0.653,1.025,0.146,1.014,0.476,2.153,0.450
2026-06-18 04:50:09,2,10,F9,A,VID_1CA6_PID_300A,0.653,2026-06-18 04:50:28.859,5,1.208,0.476,2.153,0.555,5,0.821,0.653,1.025,0.146,1.014,0.476,2.153,0.450
2026-06-18 04:50:09,2,统计,-,-,-,-,2026-06-18 04:50:28.860,5,1.208,0.476,2.153,0.555,5,0.821,0.653,1.025,0.146,1.014,0.476,2.153,0.450
2026-06-18 04:50:09,3,1,F9,A,VID_1CA6_PID_300A,0.803,2026-06-18 04:50:29.044,0,,,,,10,1.070,0.648,1.794,0.329,1.070,0.648,1.794,0.329
2026-06-18 04:50:09,3,2,F9,A,VID_1CA6_PID_300A,1.219,2026-06-18 04:50:29.209,0,,,,,10,1.070,0.648,1.794,0.329,1.070,0.648,1.794,0.329
2026-06-18 04:50:09,3,3,F9,A,VID_1CA6_PID_300A,1.794,2026-06-18 04:50:29.390,0,,,,,10,1.070,0.648,1.794,0.329,1.070,0.648,1.794,0.329
2026-06-18 04:50:09,3,4,F9,A,VID_1CA6_PID_300A,0.648,2026-06-18 04:50:29.569,0,,,,,10,1.070,0.648,1.794,0.329,1.070,0.648,1.794,0.329
2026-06-18 04:50:09,3,5,F9,A,VID_1CA6_PID_300A,1.127,2026-06-18 04:50:29.745,0,,,,,10,1.070,0.648,1.794,0.329,1.070,0.648,1.794,0.329
2026-06-18 04:50:09,3,6,F9,A,VID_1CA6_PID_300A,0.833,2026-06-18 04:50:31.509,0,,,,,10,1.070,0.648,1.794,0.329,1.070,0.648,1.794,0.329
2026-06-18 04:50:09,3,7,F9,A,VID_1CA6_PID_300A,0.734,2026-06-18 04:50:31.701,0,,,,,10,1.070,0.648,1.794,0.329,1.070,0.648,1.794,0.329
2026-06-18 04:50:09,3,8,F9,A,VID_1CA6_PID_300A,1.014,2026-06-18 04:50:31.889,0,,,,,10,1.070,0.648,1.794,0.329,1.070,0.648,1.794,0.329
2026-06-18 04:50:09,3,9,F9,A,VID_1CA6_PID_300A,1.134,2026-06-18 04:50:32.069,0,,,,,10,1.070,0.648,1.794,0.329,1.070,0.648,1.794,0.329
2026-06-18 04:50:09,3,10,F9,A,VID_1CA6_PID_300A,1.394,2026-06-18 04:50:32.241,0,,,,,10,1.070,0.648,1.794,0.329,1.070,0.648,1.794,0.329
2026-06-18 04:50:09,3,统计,-,-,-,-,2026-06-18 04:50:32.242,0,,,,,10,1.070,0.648,1.794,0.329,1.070,0.648,1.794,0.329
2026-06-18 04:50:09,4,1,F9,A,VID_1CA6_PID_300A,0.919,2026-06-18 04:50:32.415,5,1.143,0.796,1.863,0.384,5,1.071,0.716,1.388,0.236,1.107,0.716,1.863,0.321
2026-06-18 04:50:09,4,2,F9,A,VID_1CA6_PID_300A,1.388,2026-06-18 04:50:32.587,5,1.143,0.796,1.863,0.384,5,1.071,0.716,1.388,0.236,1.107,0.716,1.863,0.321
2026-06-18 04:50:09,4,3,F9,A,VID_1CA6_PID_300A,1.093,2026-06-18 04:50:32.752,5,1.143,0.796,1.863,0.384,5,1.071,0.716,1.388,0.236,1.107,0.716,1.863,0.321
2026-06-18 04:50:09,4,4,F9,A,VID_1CA6_PID_300A,1.240,2026-06-18 04:50:32.920,5,1.143,0.796,1.863,0.384,5,1.071,0.716,1.388,0.236,1.107,0.716,1.863,0.321
2026-06-18 04:50:09,4,5,F9,A,VID_1CA6_PID_300A,0.716,2026-06-18 04:50:33.103,5,1.143,0.796,1.863,0.384,5,1.071,0.716,1.388,0.236,1.107,0.716,1.863,0.321
2026-06-18 04:50:09,4,6,F8,D,VID_1CA6_PID_300A,0.796,2026-06-18 04:50:34.821,5,1.143,0.796,1.863,0.384,5,1.071,0.716,1.388,0.236,1.107,0.716,1.863,0.321
2026-06-18 04:50:09,4,7,F8,D,VID_1CA6_PID_300A,1.149,2026-06-18 04:50:34.979,5,1.143,0.796,1.863,0.384,5,1.071,0.716,1.388,0.236,1.107,0.716,1.863,0.321
2026-06-18 04:50:09,4,8,F8,D,VID_1CA6_PID_300A,1.067,2026-06-18 04:50:35.159,5,1.143,0.796,1.863,0.384,5,1.071,0.716,1.388,0.236,1.107,0.716,1.863,0.321
2026-06-18 04:50:09,4,9,F8,D,VID_1CA6_PID_300A,0.841,2026-06-18 04:50:35.327,5,1.143,0.796,1.863,0.384,5,1.071,0.716,1.388,0.236,1.107,0.716,1.863,0.321
2026-06-18 04:50:09,4,10,F8,D,VID_1CA6_PID_300A,1.863,2026-06-18 04:50:35.506,5,1.143,0.796,1.863,0.384,5,1.071,0.716,1.388,0.236,1.107,0.716,1.863,0.321
2026-06-18 04:50:09,4,统计,-,-,-,-,2026-06-18 04:50:35.507,5,1.143,0.796,1.863,0.384,5,1.071,0.716,1.388,0.236,1.107,0.716,1.863,0.321
2026-06-18 04:50:09,5,1,F8,D,VID_1CA6_PID_300A,0.896,2026-06-18 04:50:35.673,10,1.019,0.725,1.365,0.193,0,,,,,1.019,0.725,1.365,0.193
2026-06-18 04:50:09,5,2,F8,D,VID_1CA6_PID_300A,1.025,2026-06-18 04:50:35.845,10,1.019,0.725,1.365,0.193,0,,,,,1.019,0.725,1.365,0.193
2026-06-18 04:50:09,5,3,F8,D,VID_1CA6_PID_300A,1.211,2026-06-18 04:50:36.005,10,1.019,0.725,1.365,0.193,0,,,,,1.019,0.725,1.365,0.193
2026-06-18 04:50:09,5,4,F8,D,VID_1CA6_PID_300A,0.921,2026-06-18 04:50:36.161,10,1.019,0.725,1.365,0.193,0,,,,,1.019,0.725,1.365,0.193
2026-06-18 04:50:09,5,5,F8,D,VID_1CA6_PID_300A,1.071,2026-06-18 04:50:38.172,10,1.019,0.725,1.365,0.193,0,,,,,1.019,0.725,1.365,0.193
2026-06-18 04:50:09,5,6,F8,D,VID_1CA6_PID_300A,0.725,2026-06-18 04:50:38.345,10,1.019,0.725,1.365,0.193,0,,,,,1.019,0.725,1.365,0.193
2026-06-18 04:50:09,5,7,F8,D,VID_1CA6_PID_300A,1.246,2026-06-18 04:50:38.509,10,1.019,0.725,1.365,0.193,0,,,,,1.019,0.725,1.365,0.193
2026-06-18 04:50:09,5,8,F8,D,VID_1CA6_PID_300A,0.909,2026-06-18 04:50:38.685,10,1.019,0.725,1.365,0.193,0,,,,,1.019,0.725,1.365,0.193
2026-06-18 04:50:09,5,9,F8,D,VID_1CA6_PID_300A,1.365,2026-06-18 04:50:38.867,10,1.019,0.725,1.365,0.193,0,,,,,1.019,0.725,1.365,0.193
2026-06-18 04:50:09,5,10,F8,D,VID_1CA6_PID_300A,0.823,2026-06-18 04:50:39.047,10,1.019,0.725,1.365,0.193,0,,,,,1.019,0.725,1.365,0.193
2026-06-18 04:50:09,5,统计,-,-,-,-,2026-06-18 04:50:39.048,10,1.019,0.725,1.365,0.193,0,,,,,1.019,0.725,1.365,0.193
2026-06-18 04:50:09,6,1,F8,D,VID_1CA6_PID_300A,1.131,2026-06-18 04:50:39.217,4,0.843,0.601,1.131,0.210,6,1.141,0.803,1.518,0.226,1.022,0.601,1.518,0.264
2026-06-18 04:50:09,6,2,F8,D,VID_1CA6_PID_300A,0.948,2026-06-18 04:50:39.365,4,0.843,0.601,1.131,0.210,6,1.141,0.803,1.518,0.226,1.022,0.601,1.518,0.264
2026-06-18 04:50:09,6,3,F8,D,VID_1CA6_PID_300A,0.690,2026-06-18 04:50:39.526,4,0.843,0.601,1.131,0.210,6,1.141,0.803,1.518,0.226,1.022,0.601,1.518,0.264
2026-06-18 04:50:09,6,4,F8,D,VID_1CA6_PID_300A,0.601,2026-06-18 04:50:39.715,4,0.843,0.601,1.131,0.210,6,1.141,0.803,1.518,0.226,1.022,0.601,1.518,0.264
2026-06-18 04:50:09,6,5,F9,A,VID_1CA6_PID_300A,1.278,2026-06-18 04:50:41.953,4,0.843,0.601,1.131,0.210,6,1.141,0.803,1.518,0.226,1.022,0.601,1.518,0.264
2026-06-18 04:50:09,6,6,F9,A,VID_1CA6_PID_300A,1.088,2026-06-18 04:50:42.938,4,0.843,0.601,1.131,0.210,6,1.141,0.803,1.518,0.226,1.022,0.601,1.518,0.264
2026-06-18 04:50:09,6,7,F9,A,VID_1CA6_PID_300A,0.979,2026-06-18 04:50:43.332,4,0.843,0.601,1.131,0.210,6,1.141,0.803,1.518,0.226,1.022,0.601,1.518,0.264
2026-06-18 04:50:09,6,8,F9,A,VID_1CA6_PID_300A,1.182,2026-06-18 04:50:43.710,4,0.843,0.601,1.131,0.210,6,1.141,0.803,1.518,0.226,1.022,0.601,1.518,0.264
2026-06-18 04:50:09,6,9,F9,A,VID_1CA6_PID_300A,1.518,2026-06-18 04:50:44.025,4,0.843,0.601,1.131,0.210,6,1.141,0.803,1.518,0.226,1.022,0.601,1.518,0.264
2026-06-18 04:50:09,6,10,F9,A,VID_1CA6_PID_300A,0.803,2026-06-18 04:50:44.403,4,0.843,0.601,1.131,0.210,6,1.141,0.803,1.518,0.226,1.022,0.601,1.518,0.264
2026-06-18 04:50:09,6,统计,-,-,-,-,2026-06-18 04:50:44.404,4,0.843,0.601,1.131,0.210,6,1.141,0.803,1.518,0.226,1.022,0.601,1.518,0.264
2026-06-18 04:50:09,7,1,F9,A,VID_1CA6_PID_300A,1.109,2026-06-18 04:50:44.669,0,,,,,10,1.142,0.750,1.451,0.205,1.142,0.750,1.451,0.205
2026-06-18 04:50:09,7,2,F9,A,VID_1CA6_PID_300A,0.916,2026-06-18 04:50:44.980,0,,,,,10,1.142,0.750,1.451,0.205,1.142,0.750,1.451,0.205
2026-06-18 04:50:09,7,3,F9,A,VID_1CA6_PID_300A,1.320,2026-06-18 04:50:45.289,0,,,,,10,1.142,0.750,1.451,0.205,1.142,0.750,1.451,0.205
2026-06-18 04:50:09,7,4,F9,A,VID_1CA6_PID_300A,1.077,2026-06-18 04:50:52.425,0,,,,,10,1.142,0.750,1.451,0.205,1.142,0.750,1.451,0.205
2026-06-18 04:50:09,7,5,F9,A,VID_1CA6_PID_300A,1.031,2026-06-18 04:50:52.597,0,,,,,10,1.142,0.750,1.451,0.205,1.142,0.750,1.451,0.205
2026-06-18 04:50:09,7,6,F9,A,VID_1CA6_PID_300A,0.750,2026-06-18 04:50:52.780,0,,,,,10,1.142,0.750,1.451,0.205,1.142,0.750,1.451,0.205
2026-06-18 04:50:09,7,7,F9,A,VID_1CA6_PID_300A,1.218,2026-06-18 04:50:52.947,0,,,,,10,1.142,0.750,1.451,0.205,1.142,0.750,1.451,0.205
2026-06-18 04:50:09,7,8,F9,A,VID_1CA6_PID_300A,1.398,2026-06-18 04:50:53.125,0,,,,,10,1.142,0.750,1.451,0.205,1.142,0.750,1.451,0.205
2026-06-18 04:50:09,7,9,F9,A,VID_1CA6_PID_300A,1.451,2026-06-18 04:50:53.298,0,,,,,10,1.142,0.750,1.451,0.205,1.142,0.750,1.451,0.205
2026-06-18 04:50:09,7,10,F9,A,VID_1CA6_PID_300A,1.153,2026-06-18 04:50:53.465,0,,,,,10,1.142,0.750,1.451,0.205,1.142,0.750,1.451,0.205
2026-06-18 04:50:09,7,统计,-,-,-,-,2026-06-18 04:50:53.465,0,,,,,10,1.142,0.750,1.451,0.205,1.142,0.750,1.451,0.205
2026-06-18 04:50:09,8,1,F9,A,VID_1CA6_PID_300A,0.700,2026-06-18 04:50:53.618,0,,,,,10,0.795,0.654,1.092,0.126,0.795,0.654,1.092,0.126
2026-06-18 04:50:09,8,2,F9,A,VID_1CA6_PID_300A,0.779,2026-06-18 04:50:53.780,0,,,,,10,0.795,0.654,1.092,0.126,0.795,0.654,1.092,0.126
2026-06-18 04:50:09,8,3,F9,A,VID_1CA6_PID_300A,0.801,2026-06-18 04:50:54.741,0,,,,,10,0.795,0.654,1.092,0.126,0.795,0.654,1.092,0.126
2026-06-18 04:50:09,8,4,F9,A,VID_1CA6_PID_300A,0.661,2026-06-18 04:50:54.909,0,,,,,10,0.795,0.654,1.092,0.126,0.795,0.654,1.092,0.126
2026-06-18 04:50:09,8,5,F9,A,VID_1CA6_PID_300A,0.755,2026-06-18 04:50:55.062,0,,,,,10,0.795,0.654,1.092,0.126,0.795,0.654,1.092,0.126
2026-06-18 04:50:09,8,6,F9,A,VID_1CA6_PID_300A,1.092,2026-06-18 04:50:55.253,0,,,,,10,0.795,0.654,1.092,0.126,0.795,0.654,1.092,0.126
2026-06-18 04:50:09,8,7,F9,A,VID_1CA6_PID_300A,0.654,2026-06-18 04:50:55.395,0,,,,,10,0.795,0.654,1.092,0.126,0.795,0.654,1.092,0.126
2026-06-18 04:50:09,8,8,F9,A,VID_1CA6_PID_300A,0.903,2026-06-18 04:50:55.545,0,,,,,10,0.795,0.654,1.092,0.126,0.795,0.654,1.092,0.126
2026-06-18 04:50:09,8,9,F9,A,VID_1CA6_PID_300A,0.874,2026-06-18 04:50:55.696,0,,,,,10,0.795,0.654,1.092,0.126,0.795,0.654,1.092,0.126
2026-06-18 04:50:09,8,10,F9,A,VID_1CA6_PID_300A,0.730,2026-06-18 04:50:55.856,0,,,,,10,0.795,0.654,1.092,0.126,0.795,0.654,1.092,0.126
2026-06-18 04:50:09,8,统计,-,-,-,-,2026-06-18 04:50:55.857,0,,,,,10,0.795,0.654,1.092,0.126,0.795,0.654,1.092,0.126
2026-06-18 04:50:09,9,1,F9,A,VID_1CA6_PID_300A,1.016,2026-06-18 04:50:56.016,0,,,,,10,0.994,0.622,1.588,0.287,0.994,0.622,1.588,0.287
2026-06-18 04:50:09,9,2,F9,A,VID_1CA6_PID_300A,1.303,2026-06-18 04:50:56.186,0,,,,,10,0.994,0.622,1.588,0.287,0.994,0.622,1.588,0.287
2026-06-18 04:50:09,9,3,F9,A,VID_1CA6_PID_300A,0.761,2026-06-18 04:50:56.349,0,,,,,10,0.994,0.622,1.588,0.287,0.994,0.622,1.588,0.287
2026-06-18 04:50:09,9,4,F9,A,VID_1CA6_PID_300A,1.151,2026-06-18 04:50:57.402,0,,,,,10,0.994,0.622,1.588,0.287,0.994,0.622,1.588,0.287
2026-06-18 04:50:09,9,5,F9,A,VID_1CA6_PID_300A,0.732,2026-06-18 04:50:57.572,0,,,,,10,0.994,0.622,1.588,0.287,0.994,0.622,1.588,0.287
2026-06-18 04:50:09,9,6,F9,A,VID_1CA6_PID_300A,0.707,2026-06-18 04:50:57.750,0,,,,,10,0.994,0.622,1.588,0.287,0.994,0.622,1.588,0.287
2026-06-18 04:50:09,9,7,F9,A,VID_1CA6_PID_300A,0.979,2026-06-18 04:50:57.902,0,,,,,10,0.994,0.622,1.588,0.287,0.994,0.622,1.588,0.287
2026-06-18 04:50:09,9,8,F9,A,VID_1CA6_PID_300A,0.622,2026-06-18 04:50:58.243,0,,,,,10,0.994,0.622,1.588,0.287,0.994,0.622,1.588,0.287
2026-06-18 04:50:09,9,9,F9,A,VID_1CA6_PID_300A,1.588,2026-06-18 04:50:58.394,0,,,,,10,0.994,0.622,1.588,0.287,0.994,0.622,1.588,0.287
2026-06-18 04:50:09,9,10,F9,A,VID_1CA6_PID_300A,1.078,2026-06-18 04:50:58.561,0,,,,,10,0.994,0.622,1.588,0.287,0.994,0.622,1.588,0.287
2026-06-18 04:50:09,9,统计,-,-,-,-,2026-06-18 04:50:58.561,0,,,,,10,0.994,0.622,1.588,0.287,0.994,0.622,1.588,0.287
2026-06-18 04:50:09,10,1,F9,A,VID_1CA6_PID_300A,0.901,2026-06-18 04:50:58.745,6,0.907,0.554,1.926,0.472,4,0.919,0.644,1.156,0.184,0.912,0.554,1.926,0.384
2026-06-18 04:50:09,10,2,F9,A,VID_1CA6_PID_300A,0.978,2026-06-18 04:50:58.915,6,0.907,0.554,1.926,0.472,4,0.919,0.644,1.156,0.184,0.912,0.554,1.926,0.384
2026-06-18 04:50:09,10,3,F9,A,VID_1CA6_PID_300A,0.644,2026-06-18 04:50:59.075,6,0.907,0.554,1.926,0.472,4,0.919,0.644,1.156,0.184,0.912,0.554,1.926,0.384
2026-06-18 04:50:09,10,4,F9,A,VID_1CA6_PID_300A,1.156,2026-06-18 04:50:59.231,6,0.907,0.554,1.926,0.472,4,0.919,0.644,1.156,0.184,0.912,0.554,1.926,0.384
2026-06-18 04:50:09,10,5,F8,D,VID_1CA6_PID_300A,0.958,2026-06-18 04:51:26.761,6,0.907,0.554,1.926,0.472,4,0.919,0.644,1.156,0.184,0.912,0.554,1.926,0.384
2026-06-18 04:50:09,10,6,F8,D,VID_1CA6_PID_300A,0.635,2026-06-18 04:51:26.926,6,0.907,0.554,1.926,0.472,4,0.919,0.644,1.156,0.184,0.912,0.554,1.926,0.384
2026-06-18 04:50:09,10,7,F8,D,VID_1CA6_PID_300A,0.695,2026-06-18 04:51:27.109,6,0.907,0.554,1.926,0.472,4,0.919,0.644,1.156,0.184,0.912,0.554,1.926,0.384
2026-06-18 04:50:09,10,8,F8,D,VID_1CA6_PID_300A,0.554,2026-06-18 04:51:27.282,6,0.907,0.554,1.926,0.472,4,0.919,0.644,1.156,0.184,0.912,0.554,1.926,0.384
2026-06-18 04:50:09,10,9,F8,D,VID_1CA6_PID_300A,0.676,2026-06-18 04:51:27.447,6,0.907,0.554,1.926,0.472,4,0.919,0.644,1.156,0.184,0.912,0.554,1.926,0.384
2026-06-18 04:50:09,10,10,F8,D,VID_1CA6_PID_300A,1.926,2026-06-18 04:51:27.613,6,0.907,0.554,1.926,0.472,4,0.919,0.644,1.156,0.184,0.912,0.554,1.926,0.384
2026-06-18 04:50:09,10,统计,-,-,-,-,2026-06-18 04:51:27.614,6,0.907,0.554,1.926,0.472,4,0.919,0.644,1.156,0.184,0.912,0.554,1.926,0.384
2026-06-18 04:50:09,11,1,F8,D,VID_1CA6_PID_300A,1.223,2026-06-18 04:51:27.768,10,1.120,0.592,2.062,0.457,0,,,,,1.120,0.592,2.062,0.457
2026-06-18 04:50:09,11,2,F8,D,VID_1CA6_PID_300A,0.843,2026-06-18 04:51:27.916,10,1.120,0.592,2.062,0.457,0,,,,,1.120,0.592,2.062,0.457
2026-06-18 04:50:09,11,3,F8,D,VID_1CA6_PID_300A,0.592,2026-06-18 04:51:28.094,10,1.120,0.592,2.062,0.457,0,,,,,1.120,0.592,2.062,0.457
2026-06-18 04:50:09,11,4,F8,D,VID_1CA6_PID_300A,0.714,2026-06-18 04:51:28.295,10,1.120,0.592,2.062,0.457,0,,,,,1.120,0.592,2.062,0.457
2026-06-18 04:50:09,11,5,F8,D,VID_1CA6_PID_300A,0.892,2026-06-18 04:51:29.280,10,1.120,0.592,2.062,0.457,0,,,,,1.120,0.592,2.062,0.457
2026-06-18 04:50:09,11,6,F8,D,VID_1CA6_PID_300A,1.058,2026-06-18 04:51:29.457,10,1.120,0.592,2.062,0.457,0,,,,,1.120,0.592,2.062,0.457
2026-06-18 04:50:09,11,7,F8,D,VID_1CA6_PID_300A,2.062,2026-06-18 04:51:29.620,10,1.120,0.592,2.062,0.457,0,,,,,1.120,0.592,2.062,0.457
2026-06-18 04:50:09,11,8,F8,D,VID_1CA6_PID_300A,1.871,2026-06-18 04:51:29.773,10,1.120,0.592,2.062,0.457,0,,,,,1.120,0.592,2.062,0.457
2026-06-18 04:50:09,11,9,F8,D,VID_1CA6_PID_300A,0.995,2026-06-18 04:51:29.931,10,1.120,0.592,2.062,0.457,0,,,,,1.120,0.592,2.062,0.457
2026-06-18 04:50:09,11,10,F8,D,VID_1CA6_PID_300A,0.945,2026-06-18 04:51:30.093,10,1.120,0.592,2.062,0.457,0,,,,,1.120,0.592,2.062,0.457
2026-06-18 04:50:09,11,统计,-,-,-,-,2026-06-18 04:51:30.094,10,1.120,0.592,2.062,0.457,0,,,,,1.120,0.592,2.062,0.457
